kelas_a,kelas_b,channel,histogram_intersection,jarak_bhattacharyya,korelasi,overlap_tinggi
Recyclable,Electronic,hue,1.8611,0.0937,0.963,True
Recyclable,Electronic,saturation,1.9721,0.1191,0.9511,True
Recyclable,Electronic,value,2.2099,0.2015,0.9085,True
Recyclable,Organic,hue,1.4976,0.2167,0.812,True
Recyclable,Organic,saturation,1.8408,0.2279,0.9676,True
Recyclable,Organic,value,2.4424,0.1087,0.9769,True
Electronic,Organic,hue,1.7272,0.198,0.8926,True
Electronic,Organic,saturation,2.0469,0.2469,0.8873,True
Electronic,Organic,value,2.848,0.1386,0.8444,True
