File,Prediksi
1.jpg,Organic
2.jpg,Organic
3.jpg,Organic
4.jpg,Electronic
5.jpg,Recyclable
6.jpg,Organic
7.jpg,Organic
8.jpg,Recyclable
9.jpg,Electronic
10.jpg,Organic
11.jpg,Recyclable
12.jpg,Organic
13.jpg,Electronic
14.jpg,Organic
15.jpg,Organic
16.jpg,Recyclable
17.jpg,Organic
18.jpg,Organic
19.jpg,Organic
20.jpg,Recyclable
21.jpg,Organic
22.jpg,Recyclable
23.jpg,Recyclable
24.jpg,Organic
25.jpg,Recyclable
26.jpg,Organic
27.jpg,Recyclable
28.jpg,Organic
29.jpg,Recyclable
30.jpg,Recyclable
31.jpg,Organic
32.jpg,Recyclable
33.jpg,Electronic
34.jpg,Recyclable
35.jpg,Recyclable
36.jpg,Organic
37.jpg,Recyclable
38.jpg,Recyclable
39.jpg,Organic
40.jpg,Organic
41.jpg,Recyclable
42.jpg,Recyclable
43.jpg,Organic
44.jpg,Recyclable
45.jpg,Organic
46.jpg,Organic
47.jpg,Recyclable
48.jpg,Recyclable
49.jpg,Organic
50.jpg,Organic
51.jpg,Organic
52.jpg,Recyclable
53.jpg,Organic
54.jpg,Organic
55.jpg,Organic
56.jpg,Organic
57.jpg,Organic
58.jpg,Recyclable
59.jpg,Recyclable
60.jpg,Recyclable
61.jpg,Electronic
62.jpg,Organic
63.jpg,Organic
64.jpg,Organic
65.jpg,Electronic
66.jpg,Electronic
67.jpg,Organic
68.jpg,Organic
69.jpg,Organic
70.jpg,Organic
71.jpg,Organic
72.jpg,Organic
73.jpg,Organic
74.jpg,Organic
75.jpg,Electronic
76.jpg,Electronic
77.jpg,Electronic
78.jpg,Organic
79.jpg,Recyclable
80.jpg,Organic
81.jpg,Organic
82.jpg,Organic
83.jpg,Organic
84.jpg,Organic
85.jpg,Recyclable
86.jpg,Recyclable
87.jpg,Organic
88.jpg,Recyclable
89.jpg,Organic
90.jpg,Recyclable
91.jpg,Organic
92.jpg,Organic
93.jpg,Organic
94.jpg,Organic
95.jpg,Recyclable
96.jpg,Recyclable
97.jpg,Recyclable
98.jpg,Organic
99.jpg,Organic
100.jpg,Recyclable
101.jpg,Recyclable
102.jpg,Organic
103.jpg,Recyclable
104.jpg,Organic
105.jpg,Organic
106.jpg,Recyclable
107.jpg,Recyclable
108.jpg,Organic
109.jpg,Organic
110.jpg,Organic
111.jpg,Organic
112.jpg,Recyclable
113.jpg,Organic
114.jpg,Recyclable
115.jpg,Recyclable
116.jpg,Recyclable
117.jpg,Recyclable
118.jpg,Recyclable
119.jpg,Electronic
120.jpg,Organic
121.jpg,Organic
122.jpg,Electronic
123.jpg,Organic
124.jpg,Recyclable
125.jpg,Organic
126.jpg,Organic
127.jpg,Organic
128.jpg,Organic
129.jpg,Organic
130.jpg,Recyclable
131.jpg,Organic
132.jpg,Recyclable
133.jpg,Electronic
134.jpg,Organic
135.jpg,Electronic
136.jpg,Recyclable
137.jpg,Electronic
138.jpg,Recyclable
139.jpg,Organic
140.jpg,Electronic
141.jpg,Recyclable
142.jpg,Organic
143.jpg,Organic
144.jpg,Recyclable
145.jpg,Recyclable
146.jpg,Organic
147.jpg,Organic
148.jpg,Recyclable
149.jpg,Organic
150.jpg,Organic
151.jpg,Organic
152.jpg,Recyclable
153.jpg,Organic
154.jpg,Electronic
155.jpg,Recyclable
156.jpg,Organic
157.jpg,Electronic
158.jpg,Recyclable
159.jpg,Organic
160.jpg,Recyclable
161.jpg,Recyclable
162.jpg,Recyclable
163.jpg,Recyclable
164.jpg,Recyclable
165.jpg,Organic
166.jpg,Recyclable
167.jpg,Organic
168.jpg,Organic
169.jpg,Recyclable
170.jpg,Organic
171.jpg,Organic
172.jpg,Electronic
173.jpg,Recyclable
174.jpg,Recyclable
175.jpg,Organic
176.jpg,Organic
177.jpg,Recyclable
178.jpg,Recyclable
179.jpg,Organic
180.jpg,Organic
181.jpg,Recyclable
182.jpg,Electronic
183.jpg,Organic
184.jpg,Organic
185.jpg,Electronic
186.jpg,Organic
187.jpg,Recyclable
188.jpg,Recyclable
189.jpg,Organic
190.jpg,Organic
191.jpg,Organic
192.jpg,Electronic
193.jpg,Recyclable
194.jpg,Electronic
195.jpg,Recyclable
196.jpg,Organic
197.jpg,Recyclable
198.jpg,Recyclable
199.jpg,Electronic
200.jpg,Electronic
201.jpg,Organic
202.jpg,Organic
203.jpg,Recyclable
204.jpg,Recyclable
205.jpg,Organic
206.jpg,Recyclable
207.jpg,Organic
208.jpg,Organic
209.jpg,Organic
210.jpg,Recyclable
211.jpg,Organic
212.jpg,Recyclable
213.jpg,Electronic
214.jpg,Electronic
215.jpg,Recyclable
216.jpg,Recyclable
217.jpg,Electronic
218.jpg,Organic
219.jpg,Organic
220.jpg,Organic
221.jpg,Recyclable
222.jpg,Electronic
223.jpg,Organic
224.jpg,Organic
225.jpg,Electronic
226.jpg,Organic
227.jpg,Organic
228.jpg,Electronic
229.jpg,Recyclable
230.jpg,Organic
231.jpg,Organic
232.jpg,Organic
233.jpg,Recyclable
234.jpg,Recyclable
235.jpg,Electronic
236.jpg,Organic
237.jpg,Organic
238.jpg,Organic
239.jpg,Recyclable
240.jpg,Organic
241.jpg,Organic
242.jpg,Organic
243.jpg,Organic
244.jpg,Electronic
245.jpg,Organic
246.jpg,Organic
247.jpg,Organic
248.jpg,Recyclable
249.jpg,Electronic
250.jpg,Electronic
251.jpg,Organic
252.jpg,Organic
253.jpg,Electronic
254.jpg,Organic
255.jpg,Recyclable
256.jpg,Electronic
257.jpg,Recyclable
258.jpg,Organic
259.jpg,Organic
260.jpg,Organic
261.jpg,Electronic
262.jpg,Recyclable
263.jpg,Organic
264.jpg,Recyclable
265.jpg,Electronic
266.jpg,Organic
267.jpg,Recyclable
268.jpg,Organic
269.jpg,Organic
270.jpg,Recyclable
271.jpg,Organic
272.jpg,Organic
273.jpg,Recyclable
274.jpg,Organic
275.jpg,Recyclable
276.jpg,Organic
277.jpg,Organic
278.jpg,Organic
279.jpg,Recyclable
280.jpg,Recyclable
281.jpg,Organic
282.jpg,Recyclable
283.jpg,Electronic
284.jpg,Organic
285.jpg,Organic
286.jpg,Recyclable
287.jpg,Organic
288.jpg,Organic
289.jpg,Organic
290.jpg,Organic
291.jpg,Organic
292.jpg,Organic
293.jpg,Recyclable
294.jpg,Organic
295.jpg,Organic
296.jpg,Organic
297.jpg,Recyclable
298.jpg,Electronic
299.jpg,Recyclable
300.jpg,Organic
301.jpg,Electronic
302.jpg,Recyclable
303.jpg,Organic
304.jpg,Electronic
305.jpg,Organic
306.jpg,Organic
307.jpg,Electronic
308.jpg,Recyclable
309.jpg,Organic
310.jpg,Organic
311.jpg,Recyclable
312.jpg,Organic
313.jpg,Organic
314.jpg,Organic
315.jpg,Organic
316.jpg,Recyclable
317.jpg,Organic
318.jpg,Organic
319.jpg,Organic
320.jpg,Electronic
321.jpg,Organic
322.jpg,Organic
323.jpg,Organic
324.jpg,Electronic
325.jpg,Electronic
326.jpg,Electronic
327.jpg,Recyclable
328.jpg,Organic
329.jpg,Recyclable
330.jpg,Recyclable
331.jpg,Organic
332.jpg,Recyclable
333.jpg,Recyclable
334.jpg,Recyclable
335.jpg,Organic
336.jpg,Organic
337.jpg,Electronic
338.jpg,Electronic
339.jpg,Organic
340.jpg,Recyclable
341.jpg,Organic
342.jpg,Recyclable
343.jpg,Organic
344.jpg,Recyclable
345.jpg,Recyclable
346.jpg,Organic
347.jpg,Recyclable
348.jpg,Organic
349.jpg,Organic
350.jpg,Recyclable
351.jpg,Recyclable
352.jpg,Organic
353.jpg,Organic
354.jpg,Electronic
355.jpg,Organic
356.jpg,Recyclable
357.jpg,Organic
358.jpg,Recyclable
359.jpg,Recyclable
360.jpg,Recyclable
361.jpg,Recyclable
362.jpg,Organic
363.jpg,Recyclable
364.jpg,Organic
365.jpg,Organic
366.jpg,Electronic
367.jpg,Organic
368.jpg,Recyclable
369.jpg,Organic
370.jpg,Organic
371.jpg,Organic
372.jpg,Recyclable
373.jpg,Recyclable
374.jpg,Organic
375.jpg,Organic
376.jpg,Electronic
377.jpg,Electronic
378.jpg,Electronic
379.jpg,Organic
380.jpg,Organic
381.jpg,Recyclable
382.jpg,Organic
383.jpg,Recyclable
384.jpg,Organic
385.jpg,Organic
386.jpg,Organic
387.jpg,Electronic
388.jpg,Recyclable
389.jpg,Recyclable
390.jpg,Electronic
391.jpg,Organic
392.jpg,Organic
393.jpg,Recyclable
394.jpg,Recyclable
395.jpg,Organic
396.jpg,Recyclable
397.jpg,Organic
398.jpg,Organic
399.jpg,Organic
400.jpg,Organic
401.jpg,Organic
402.jpg,Recyclable
403.jpg,Recyclable
404.jpg,Recyclable
405.jpg,Recyclable
406.jpg,Recyclable
407.jpg,Recyclable
408.jpg,Organic
409.jpg,Organic
410.jpg,Organic
411.jpg,Recyclable
412.jpg,Organic
413.jpg,Recyclable
414.jpg,Electronic
415.jpg,Organic
416.jpg,Electronic
417.jpg,Recyclable
418.jpg,Recyclable
419.jpg,Organic
420.jpg,Organic
421.jpg,Organic
422.jpg,Organic
423.jpg,Electronic
424.jpg,Electronic
425.jpg,Organic
426.jpg,Organic
427.jpg,Electronic
428.jpg,Recyclable
429.jpg,Organic
430.jpg,Organic
431.jpg,Recyclable
432.jpg,Recyclable
433.jpg,Electronic
434.jpg,Recyclable
435.jpg,Organic
436.jpg,Electronic
437.jpg,Organic
438.jpg,Organic
439.jpg,Recyclable
440.jpg,Organic
441.jpg,Recyclable
442.jpg,Electronic
443.jpg,Electronic
444.jpg,Recyclable
445.jpg,Organic
446.jpg,Organic
447.jpg,Organic
448.jpg,Recyclable
449.jpg,Organic
450.jpg,Organic
451.jpg,Organic
452.jpg,Recyclable
453.jpg,Electronic
454.jpg,Organic
455.jpg,Organic
456.jpg,Organic
457.jpg,Organic
458.jpg,Recyclable
459.jpg,Recyclable
460.jpg,Recyclable
461.jpg,Electronic
462.jpg,Recyclable
463.jpg,Recyclable
464.jpg,Organic
465.jpg,Recyclable
466.jpg,Organic
467.jpg,Organic
468.jpg,Organic
469.jpg,Electronic
470.jpg,Organic
471.jpg,Recyclable
472.jpg,Electronic
473.jpg,Organic
474.jpg,Organic
475.jpg,Electronic
476.jpg,Organic
477.jpg,Recyclable
478.jpg,Organic
479.jpg,Organic
480.jpg,Organic
481.jpg,Recyclable
482.jpg,Organic
483.jpg,Electronic
484.jpg,Organic
485.jpg,Recyclable
486.jpg,Recyclable
487.jpg,Organic
488.jpg,Recyclable
489.jpg,Organic
490.jpg,Recyclable
491.jpg,Organic
492.jpg,Recyclable
493.jpg,Recyclable
494.jpg,Organic
495.jpg,Organic
496.jpg,Organic
497.jpg,Organic
498.jpg,Organic
499.jpg,Recyclable
500.jpg,Electronic
501.jpg,Organic
502.jpg,Organic
503.jpg,Recyclable
504.jpg,Recyclable
505.jpg,Recyclable
506.jpg,Recyclable
507.jpg,Electronic
508.jpg,Recyclable
509.jpg,Organic
510.jpg,Organic
511.jpg,Recyclable
512.jpg,Recyclable
513.jpg,Organic
514.jpg,Electronic
515.jpg,Recyclable
516.jpg,Recyclable
517.jpg,Organic
518.jpg,Recyclable
519.jpg,Organic
520.jpg,Organic
521.jpg,Organic
522.jpg,Organic
523.jpg,Recyclable
524.jpg,Recyclable
525.jpg,Organic
526.jpg,Recyclable
527.jpg,Electronic
528.jpg,Electronic
529.jpg,Organic
530.jpg,Recyclable
531.jpg,Organic
532.jpg,Recyclable
533.jpg,Recyclable
534.jpg,Electronic
535.jpg,Electronic
536.jpg,Recyclable
537.jpg,Recyclable
538.jpg,Organic
539.jpg,Organic
540.jpg,Organic
541.jpg,Organic
542.jpg,Organic
543.jpg,Recyclable
544.jpg,Electronic
545.jpg,Organic
546.jpg,Recyclable
547.jpg,Organic
548.jpg,Recyclable
549.jpg,Electronic
550.jpg,Organic
551.jpg,Organic
552.jpg,Organic
553.jpg,Recyclable
554.jpg,Organic
555.jpg,Electronic
556.jpg,Organic
557.jpg,Organic
558.jpg,Recyclable
559.jpg,Recyclable
560.jpg,Organic
561.jpg,Recyclable
562.jpg,Organic
563.jpg,Recyclable
564.jpg,Organic
565.jpg,Organic
566.jpg,Organic
567.jpg,Recyclable
568.jpg,Organic
569.jpg,Electronic
570.jpg,Organic
571.jpg,Electronic
572.jpg,Organic
573.jpg,Organic
574.jpg,Electronic
575.jpg,Recyclable
576.jpg,Recyclable
577.jpg,Recyclable
578.jpg,Organic
579.jpg,Electronic
580.jpg,Organic
581.jpg,Organic
582.jpg,Recyclable
583.jpg,Electronic
584.jpg,Organic
585.jpg,Organic
586.jpg,Organic
587.jpg,Organic
588.jpg,Recyclable
589.jpg,Electronic
590.jpg,Organic
591.jpg,Recyclable
592.jpg,Recyclable
593.jpg,Organic
594.jpg,Electronic
595.jpg,Organic
596.jpg,Recyclable
597.jpg,Recyclable
598.jpg,Organic
599.jpg,Electronic
600.jpg,Organic
601.jpg,Recyclable
602.jpg,Organic
603.jpg,Organic
604.jpg,Recyclable
605.jpg,Recyclable
606.jpg,Organic
607.jpg,Recyclable
608.jpg,Recyclable
609.jpg,Organic
610.jpg,Recyclable
611.jpg,Recyclable
612.jpg,Recyclable
613.jpg,Organic
614.jpg,Organic
615.jpg,Electronic
616.jpg,Organic
617.jpg,Organic
618.jpg,Organic
619.jpg,Recyclable
620.jpg,Organic
621.jpg,Recyclable
622.jpg,Recyclable
623.jpg,Organic
624.jpg,Organic
625.jpg,Electronic
626.jpg,Organic
627.jpg,Organic
628.jpg,Organic
629.jpg,Recyclable
630.jpg,Recyclable
631.jpg,Organic
632.jpg,Organic
633.jpg,Organic
634.jpg,Recyclable
635.jpg,Recyclable
636.jpg,Organic
637.jpg,Organic
638.jpg,Recyclable
639.jpg,Recyclable
640.jpg,Recyclable
641.jpg,Organic
642.jpg,Organic
643.jpg,Organic
644.jpg,Organic
645.jpg,Organic
646.jpg,Organic
647.jpg,Recyclable
648.jpg,Organic
649.jpg,Organic
650.jpg,Organic
651.jpg,Electronic
652.jpg,Recyclable
653.jpg,Electronic
654.jpg,Recyclable
655.jpg,Recyclable
656.jpg,Recyclable
657.jpg,Organic
658.jpg,Electronic
659.jpg,Recyclable
660.jpg,Recyclable
661.jpg,Recyclable
662.jpg,Recyclable
663.jpg,Organic
664.jpg,Electronic
665.jpg,Organic
666.jpg,Organic
667.jpg,Electronic
668.jpg,Organic
669.jpg,Recyclable
670.jpg,Recyclable
671.jpg,Electronic
672.jpg,Recyclable
673.jpg,Recyclable
674.jpg,Recyclable
675.jpg,Recyclable
676.jpg,Recyclable
677.jpg,Organic
678.jpg,Organic
679.jpg,Organic
680.jpg,Electronic
681.jpg,Recyclable
682.jpg,Electronic
683.jpg,Organic
684.jpg,Organic
685.jpg,Recyclable
686.jpg,Electronic
687.jpg,Recyclable
688.jpg,Recyclable
689.jpg,Organic
690.jpg,Electronic
691.jpg,Electronic
692.jpg,Organic
693.jpg,Electronic
694.jpg,Organic
695.jpg,Organic
696.jpg,Organic
697.jpg,Recyclable
698.jpg,Organic
699.jpg,Electronic
700.jpg,Recyclable
701.jpg,Organic
702.jpg,Organic
703.jpg,Recyclable
704.jpg,Recyclable
705.jpg,Electronic
706.jpg,Organic
707.jpg,Organic
708.jpg,Recyclable
709.jpg,Electronic
710.jpg,Organic
711.jpg,Electronic
712.jpg,Electronic
713.jpg,Organic
714.jpg,Organic
715.jpg,Organic
716.jpg,Organic
717.jpg,Organic
718.jpg,Organic
719.jpg,Electronic
720.jpg,Organic
721.jpg,Organic
722.jpg,Recyclable
723.jpg,Organic
724.jpg,Recyclable
725.jpg,Organic
726.jpg,Organic
727.jpg,Organic
728.jpg,Recyclable
729.jpg,Recyclable
730.jpg,Recyclable
731.jpg,Organic
732.jpg,Recyclable
733.jpg,Organic
734.jpg,Recyclable
735.jpg,Organic
736.jpg,Electronic
737.jpg,Organic
738.jpg,Organic
739.jpg,Organic
740.jpg,Recyclable
741.jpg,Organic
742.jpg,Organic
743.jpg,Organic
744.jpg,Recyclable
745.jpg,Organic
746.jpg,Organic
747.jpg,Organic
748.jpg,Recyclable
749.jpg,Recyclable
750.jpg,Organic
751.jpg,Organic
752.jpg,Recyclable
753.jpg,Electronic
754.jpg,Electronic
755.jpg,Recyclable
756.jpg,Recyclable
757.jpg,Recyclable
758.jpg,Organic
759.jpg,Organic
760.jpg,Organic
761.jpg,Recyclable
762.jpg,Organic
763.jpg,Organic
764.jpg,Organic
765.jpg,Organic
766.jpg,Electronic
767.jpg,Organic
768.jpg,Recyclable
769.jpg,Organic
770.jpg,Recyclable
771.jpg,Organic
772.jpg,Organic
773.jpg,Recyclable
774.jpg,Organic
775.jpg,Recyclable
776.jpg,Recyclable
777.jpg,Electronic
778.jpg,Organic
779.jpg,Recyclable
780.jpg,Organic
781.jpg,Recyclable
782.jpg,Electronic
783.jpg,Recyclable
784.jpg,Organic
785.jpg,Recyclable
786.jpg,Recyclable
787.jpg,Electronic
788.jpg,Organic
789.jpg,Recyclable
790.jpg,Organic
791.jpg,Organic
792.jpg,Organic
793.jpg,Organic
794.jpg,Organic
795.jpg,Organic
796.jpg,Recyclable
797.jpg,Recyclable
798.jpg,Recyclable
799.jpg,Organic
800.jpg,Recyclable
801.jpg,Organic
802.jpg,Recyclable
803.jpg,Organic
804.jpg,Electronic
805.jpg,Recyclable
806.jpg,Electronic
807.jpg,Recyclable
808.jpg,Electronic
809.jpg,Recyclable
810.jpg,Recyclable
811.jpg,Organic
812.jpg,Recyclable
813.jpg,Organic
814.jpg,Recyclable
815.jpg,Recyclable
816.jpg,Organic
817.jpg,Organic
818.jpg,Electronic
819.jpg,Organic
820.jpg,Organic
821.jpg,Recyclable
822.jpg,Organic
823.jpg,Recyclable
824.jpg,Organic
825.jpg,Organic
826.jpg,Recyclable
827.jpg,Recyclable
828.jpg,Recyclable
829.jpg,Organic
830.jpg,Organic
831.jpg,Recyclable
832.jpg,Recyclable
833.jpg,Recyclable
834.jpg,Organic
835.jpg,Organic
836.jpg,Organic
837.jpg,Organic
838.jpg,Organic
839.jpg,Recyclable
840.jpg,Organic
841.jpg,Recyclable
842.jpg,Recyclable
843.jpg,Recyclable
844.jpg,Recyclable
845.jpg,Organic
846.jpg,Organic
847.jpg,Organic
848.jpg,Recyclable
849.jpg,Recyclable
850.jpg,Electronic
851.jpg,Recyclable
852.jpg,Recyclable
853.jpg,Recyclable
854.jpg,Electronic
855.jpg,Organic
856.jpg,Recyclable
857.jpg,Electronic
858.jpg,Recyclable
859.jpg,Organic
860.jpg,Recyclable
861.jpg,Organic
862.jpg,Electronic
863.jpg,Organic
864.jpg,Organic
865.jpg,Organic
866.jpg,Recyclable
867.jpg,Recyclable
868.jpg,Organic
869.jpg,Recyclable
870.jpg,Organic
871.jpg,Electronic
872.jpg,Organic
873.jpg,Recyclable
874.jpg,Electronic
875.jpg,Electronic
876.jpg,Organic
877.jpg,Electronic
878.jpg,Recyclable
879.jpg,Recyclable
880.jpg,Organic
881.jpg,Recyclable
882.jpg,Electronic
883.jpg,Organic
884.jpg,Recyclable
885.jpg,Electronic
886.jpg,Organic
887.jpg,Organic
888.jpg,Recyclable
889.jpg,Recyclable
890.jpg,Electronic
891.jpg,Recyclable
892.jpg,Organic
893.jpg,Electronic
894.jpg,Recyclable
895.jpg,Organic
896.jpg,Recyclable
897.jpg,Organic
898.jpg,Recyclable
899.jpg,Recyclable
900.jpg,Organic
901.jpg,Recyclable
902.jpg,Recyclable
903.jpg,Organic
904.jpg,Recyclable
905.jpg,Electronic
906.jpg,Organic
907.jpg,Recyclable
908.jpg,Recyclable
909.jpg,Recyclable
910.jpg,Organic
911.jpg,Electronic
912.jpg,Electronic
913.jpg,Organic
914.jpg,Electronic
915.jpg,Recyclable
916.jpg,Electronic
917.jpg,Organic
918.jpg,Organic
919.jpg,Electronic
920.jpg,Recyclable
921.jpg,Recyclable
922.jpg,Recyclable
923.jpg,Organic
924.jpg,Organic
925.jpg,Organic
926.jpg,Organic
927.jpg,Recyclable
928.jpg,Organic
929.jpg,Organic
930.jpg,Recyclable
931.jpg,Electronic
932.jpg,Recyclable
933.jpg,Organic
934.jpg,Organic
935.jpg,Recyclable
936.jpg,Recyclable
937.jpg,Organic
938.jpg,Recyclable
939.jpg,Organic
940.jpg,Recyclable
941.jpg,Organic
942.jpg,Electronic
943.jpg,Organic
944.jpg,Recyclable
945.jpg,Recyclable
946.jpg,Organic
947.jpg,Recyclable
948.jpg,Recyclable
949.jpg,Recyclable
950.jpg,Electronic
951.jpg,Recyclable
952.jpg,Organic
953.jpg,Recyclable
954.jpg,Organic
955.jpg,Recyclable
956.jpg,Organic
957.jpg,Recyclable
958.jpg,Organic
959.jpg,Organic
960.jpg,Recyclable
961.jpg,Organic
962.jpg,Recyclable
963.jpg,Recyclable
964.jpg,Organic
965.jpg,Organic
966.jpg,Recyclable
967.jpg,Organic
968.jpg,Recyclable
969.jpg,Organic
970.jpg,Organic
971.jpg,Recyclable
972.jpg,Recyclable
973.jpg,Organic
974.jpg,Organic
975.jpg,Organic
976.jpg,Recyclable
977.jpg,Organic
978.jpg,Organic
979.jpg,Electronic
980.jpg,Organic
981.jpg,Organic
982.jpg,Recyclable
983.jpg,Organic
984.jpg,Organic
985.jpg,Recyclable
986.jpg,Organic
987.jpg,Electronic
988.jpg,Organic
989.jpg,Recyclable
990.jpg,Organic
991.jpg,Electronic
992.jpg,Recyclable
993.jpg,Organic
994.jpg,Organic
995.jpg,Recyclable
996.jpg,Organic
997.jpg,Electronic
998.jpg,Organic
999.jpg,Recyclable
1000.jpg,Organic
1001.jpg,Recyclable
1002.jpg,Organic
1003.jpg,Recyclable
1004.jpg,Recyclable
1005.jpg,Electronic
1006.jpg,Organic
1007.jpg,Organic
1008.jpg,Recyclable
1009.jpg,Organic
1010.jpg,Recyclable
1011.jpg,Electronic
1012.jpg,Organic
1013.jpg,Recyclable
1014.jpg,Electronic
1015.jpg,Organic
1016.jpg,Organic
1017.jpg,Recyclable
1018.jpg,Recyclable
1019.jpg,Electronic
1020.jpg,Electronic
1021.jpg,Organic
1022.jpg,Recyclable
1023.jpg,Recyclable
1024.jpg,Organic
1025.jpg,Electronic
1026.jpg,Organic
1027.jpg,Recyclable
1028.jpg,Organic
1029.jpg,Electronic
1030.jpg,Electronic
1031.jpg,Organic
1032.jpg,Electronic
1033.jpg,Recyclable
1034.jpg,Organic
1035.jpg,Recyclable
1036.jpg,Organic
1037.jpg,Organic
1038.jpg,Organic
1039.jpg,Recyclable
1040.jpg,Recyclable
1041.jpg,Electronic
1042.jpg,Organic
1043.jpg,Organic
1044.jpg,Recyclable
1045.jpg,Organic
1046.jpg,Recyclable
1047.jpg,Organic
1048.jpg,Organic
1049.jpg,Organic
1050.jpg,Electronic
1051.jpg,Recyclable
1052.jpg,Organic
1053.jpg,Recyclable
1054.jpg,Recyclable
1055.jpg,Organic
1056.jpg,Organic
1057.jpg,Recyclable
1058.jpg,Recyclable
1059.jpg,Organic
1060.jpg,Organic
1061.jpg,Recyclable
1062.jpg,Organic
1063.jpg,Organic
1064.jpg,Recyclable
1065.jpg,Electronic
1066.jpg,Recyclable
1067.jpg,Organic
1068.jpg,Recyclable
1069.jpg,Organic
1070.jpg,Organic
1071.jpg,Recyclable
1072.jpg,Organic
1073.jpg,Electronic
1074.jpg,Electronic
1075.jpg,Recyclable
1076.jpg,Organic
1077.jpg,Recyclable
1078.jpg,Organic
1079.jpg,Organic
1080.jpg,Recyclable
1081.jpg,Electronic
1082.jpg,Organic
1083.jpg,Electronic
1084.jpg,Recyclable
1085.jpg,Recyclable
1086.jpg,Organic
1087.jpg,Organic
1088.jpg,Recyclable
1089.jpg,Electronic
1090.jpg,Organic
1091.jpg,Recyclable
1092.jpg,Recyclable
1093.jpg,Organic
1094.jpg,Organic
1095.jpg,Organic
1096.jpg,Electronic
1097.jpg,Organic
1098.jpg,Organic
1099.jpg,Organic
1100.jpg,Organic
1101.jpg,Recyclable
1102.jpg,Organic
1103.jpg,Organic
1104.jpg,Organic
1105.jpg,Recyclable
1106.jpg,Recyclable
1107.jpg,Recyclable
1108.jpg,Recyclable
1109.jpg,Organic
1110.jpg,Organic
1111.jpg,Organic
1112.jpg,Recyclable
1113.jpg,Organic
1114.jpg,Recyclable
1115.jpg,Electronic
1116.jpg,Electronic
1117.jpg,Recyclable
1118.jpg,Organic
1119.jpg,Recyclable
1120.jpg,Recyclable
1121.jpg,Recyclable
1122.jpg,Organic
1123.jpg,Recyclable
1124.jpg,Electronic
1125.jpg,Organic
1126.jpg,Organic
1127.jpg,Electronic
1128.jpg,Recyclable
1129.jpg,Organic
1130.jpg,Recyclable
1131.jpg,Electronic
1132.jpg,Organic
1133.jpg,Recyclable
1134.jpg,Electronic
1135.jpg,Recyclable
1136.jpg,Organic
1137.jpg,Recyclable
1138.jpg,Recyclable
1139.jpg,Recyclable
1140.jpg,Electronic
1141.jpg,Organic
1142.jpg,Organic
1143.jpg,Recyclable
1144.jpg,Recyclable
1145.jpg,Electronic
1146.jpg,Organic
1147.jpg,Organic
1148.jpg,Recyclable
1149.jpg,Organic
1150.jpg,Organic
1151.jpg,Organic
1152.jpg,Organic
1153.jpg,Organic
1154.jpg,Recyclable
1155.jpg,Organic
1156.jpg,Recyclable
1157.jpg,Organic
1158.jpg,Organic
1159.jpg,Recyclable
1160.jpg,Recyclable
1161.jpg,Organic
1162.jpg,Organic
1163.jpg,Recyclable
1164.jpg,Organic
1165.jpg,Organic
1166.jpg,Organic
1167.jpg,Organic
1168.jpg,Recyclable
1169.jpg,Electronic
1170.jpg,Organic
1171.jpg,Organic
1172.jpg,Organic
1173.jpg,Organic
1174.jpg,Organic
1175.jpg,Recyclable
1176.jpg,Organic
1177.jpg,Recyclable
1178.jpg,Organic
1179.jpg,Organic
1180.jpg,Recyclable
1181.jpg,Recyclable
1182.jpg,Recyclable
1183.jpg,Organic
1184.jpg,Organic
1185.jpg,Organic
1186.jpg,Organic
1187.jpg,Recyclable
1188.jpg,Recyclable
1189.jpg,Organic
1190.jpg,Organic
1191.jpg,Recyclable
1192.jpg,Recyclable
1193.jpg,Recyclable
1194.jpg,Organic
1195.jpg,Organic
1196.jpg,Organic
1197.jpg,Organic
1198.jpg,Recyclable
1199.jpg,Organic
1200.jpg,Organic
1201.jpg,Organic
1202.jpg,Organic
1203.jpg,Organic
1204.jpg,Organic
1205.jpg,Organic
1206.jpg,Recyclable
1207.jpg,Organic
1208.jpg,Electronic
1209.jpg,Organic
1210.jpg,Recyclable
1211.jpg,Organic
1212.jpg,Recyclable
1213.jpg,Organic
1214.jpg,Organic
1215.jpg,Organic
1216.jpg,Organic
1217.jpg,Recyclable
1218.jpg,Organic
1219.jpg,Electronic
1220.jpg,Electronic
1221.jpg,Organic
1222.jpg,Organic
1223.jpg,Organic
1224.jpg,Recyclable
1225.jpg,Recyclable
1226.jpg,Organic
1227.jpg,Recyclable
1228.jpg,Recyclable
1229.jpg,Organic
1230.jpg,Organic
1231.jpg,Recyclable
1232.jpg,Recyclable
1233.jpg,Electronic
1234.jpg,Electronic
1235.jpg,Organic
1236.jpg,Organic
1237.jpg,Organic
1238.jpg,Recyclable
1239.jpg,Recyclable
1240.jpg,Organic
1241.jpg,Organic
1242.jpg,Recyclable
1243.jpg,Organic
1244.jpg,Recyclable
1245.jpg,Recyclable
1246.jpg,Organic
1247.jpg,Organic
1248.jpg,Organic
1249.jpg,Organic
1250.jpg,Recyclable
1251.jpg,Organic
1252.jpg,Recyclable
1253.jpg,Organic
1254.jpg,Organic
1255.jpg,Organic
1256.jpg,Electronic
1257.jpg,Recyclable
1258.jpg,Recyclable
1259.jpg,Organic
1260.jpg,Electronic
1261.jpg,Organic
1262.jpg,Organic
1263.jpg,Recyclable
1264.jpg,Recyclable
1265.jpg,Organic
1266.jpg,Organic
1267.jpg,Organic
1268.jpg,Organic
1269.jpg,Organic
1270.jpg,Organic
1271.jpg,Recyclable
1272.jpg,Organic
1273.jpg,Organic
1274.jpg,Organic
1275.jpg,Electronic
1276.jpg,Organic
1277.jpg,Electronic
1278.jpg,Recyclable
1279.jpg,Organic
1280.jpg,Organic
1281.jpg,Electronic
1282.jpg,Organic
1283.jpg,Recyclable
1284.jpg,Organic
1285.jpg,Electronic
1286.jpg,Organic
1287.jpg,Electronic
1288.jpg,Organic
1289.jpg,Recyclable
1290.jpg,Organic
1291.jpg,Organic
1292.jpg,Organic
1293.jpg,Recyclable
1294.jpg,Recyclable
1295.jpg,Recyclable
1296.jpg,Organic
1297.jpg,Electronic
1298.jpg,Recyclable
1299.jpg,Organic
1300.jpg,Recyclable
1301.jpg,Organic
1302.jpg,Electronic
1303.jpg,Organic
1304.jpg,Recyclable
1305.jpg,Organic
1306.jpg,Organic
1307.jpg,Electronic
1308.jpg,Organic
1309.jpg,Recyclable
1310.jpg,Recyclable
1311.jpg,Electronic
1312.jpg,Organic
1313.jpg,Recyclable
1314.jpg,Organic
1315.jpg,Organic
1316.jpg,Recyclable
1317.jpg,Organic
1318.jpg,Organic
1319.jpg,Organic
1320.jpg,Organic
1321.jpg,Organic
1322.jpg,Organic
1323.jpg,Recyclable
1324.jpg,Organic
1325.jpg,Organic
1326.jpg,Recyclable
1327.jpg,Organic
1328.jpg,Recyclable
1329.jpg,Recyclable
1330.jpg,Recyclable
1331.jpg,Recyclable
1332.jpg,Organic
1333.jpg,Organic
1334.jpg,Organic
1335.jpg,Recyclable
1336.jpg,Organic
1337.jpg,Recyclable
1338.jpg,Organic
1339.jpg,Recyclable
1340.jpg,Organic
1341.jpg,Recyclable
1342.jpg,Recyclable
1343.jpg,Organic
1344.jpg,Organic
1345.jpg,Recyclable
1346.jpg,Recyclable
1347.jpg,Electronic
1348.jpg,Organic
1349.jpg,Electronic
1350.jpg,Recyclable
1351.jpg,Recyclable
1352.jpg,Organic
1353.jpg,Organic
1354.jpg,Organic
1355.jpg,Recyclable
1356.jpg,Organic
1357.jpg,Organic
1358.jpg,Organic
1359.jpg,Organic
1360.jpg,Organic
1361.jpg,Organic
1362.jpg,Electronic
1363.jpg,Organic
1364.jpg,Recyclable
1365.jpg,Electronic
1366.jpg,Recyclable
1367.jpg,Organic
1368.jpg,Organic
1369.jpg,Organic
1370.jpg,Recyclable
1371.jpg,Recyclable
1372.jpg,Organic
1373.jpg,Organic
1374.jpg,Organic
1375.jpg,Electronic
1376.jpg,Recyclable
1377.jpg,Recyclable
1378.jpg,Organic
1379.jpg,Recyclable
1380.jpg,Organic
1381.jpg,Organic
1382.jpg,Recyclable
1383.jpg,Electronic
1384.jpg,Electronic
1385.jpg,Organic
1386.jpg,Recyclable
1387.jpg,Recyclable
1388.jpg,Electronic
1389.jpg,Organic
1390.jpg,Electronic
1391.jpg,Recyclable
1392.jpg,Recyclable
1393.jpg,Recyclable
1394.jpg,Organic
1395.jpg,Organic
1396.jpg,Recyclable
1397.jpg,Recyclable
1398.jpg,Recyclable
1399.jpg,Organic
1400.jpg,Organic
1401.jpg,Recyclable
1402.jpg,Electronic
1403.jpg,Recyclable
1404.jpg,Organic
1405.jpg,Recyclable
1406.jpg,Recyclable
1407.jpg,Organic
1408.jpg,Electronic
1409.jpg,Recyclable
1410.jpg,Organic
1411.jpg,Recyclable
1412.jpg,Organic
1413.jpg,Recyclable
1414.jpg,Electronic
1415.jpg,Recyclable
1416.jpg,Recyclable
1417.jpg,Organic
1418.jpg,Organic
1419.jpg,Organic
1420.jpg,Organic
1421.jpg,Organic
1422.jpg,Electronic
1423.jpg,Recyclable
1424.jpg,Recyclable
1425.jpg,Organic
1426.jpg,Recyclable
1427.jpg,Recyclable
1428.jpg,Organic
1429.jpg,Organic
1430.jpg,Recyclable
1431.jpg,Electronic
1432.jpg,Organic
1433.jpg,Organic
1434.jpg,Recyclable
1435.jpg,Organic
1436.jpg,Organic
1437.jpg,Recyclable
1438.jpg,Organic
1439.jpg,Recyclable
1440.jpg,Recyclable
1441.jpg,Recyclable
1442.jpg,Organic
1443.jpg,Organic
1444.jpg,Recyclable
1445.jpg,Recyclable
1446.jpg,Recyclable
1447.jpg,Organic
1448.jpg,Organic
1449.jpg,Organic
1450.jpg,Organic
1451.jpg,Recyclable
1452.jpg,Electronic
1453.jpg,Electronic
1454.jpg,Organic
1455.jpg,Organic
1456.jpg,Recyclable
1457.jpg,Organic
1458.jpg,Recyclable
